student_id,faculty_id,department_id,current_semester
S0001,FMIPA,ILKOM,1
S0002,FMIPA,ILKOM,1
S0003,FMIPA,ILKOM,1
S0004,FMIPA,ILKOM,1
S0005,FMIPA,ILKOM,1
S0006,FMIPA,ILKOM,1
S0007,FMIPA,ILKOM,1
S0008,FMIPA,ILKOM,1
S0009,FMIPA,ILKOM,1
S0010,FMIPA,ILKOM,1
S0011,FMIPA,ILKOM,1
S0012,FMIPA,ILKOM,1
S0013,FMIPA,ILKOM,1
S0014,FMIPA,ILKOM,1
S0015,FMIPA,ILKOM,1
S0016,FMIPA,ILKOM,1
S0017,FMIPA,ILKOM,2
S0018,FMIPA,ILKOM,2
S0019,FMIPA,ILKOM,2
S0020,FMIPA,ILKOM,2
S0021,FMIPA,ILKOM,2
S0022,FMIPA,ILKOM,2
S0023,FMIPA,ILKOM,2
S0024,FMIPA,ILKOM,2
S0025,FMIPA,ILKOM,2
S0026,FMIPA,ILKOM,2
S0027,FMIPA,ILKOM,2
S0028,FMIPA,ILKOM,2
S0029,FMIPA,ILKOM,2
S0030,FMIPA,ILKOM,2
S0031,FMIPA,ILKOM,2
S0032,FMIPA,ILKOM,2
S0033,FMIPA,ILKOM,3
S0034,FMIPA,ILKOM,3
S0035,FMIPA,ILKOM,3
S0036,FMIPA,ILKOM,3
S0037,FMIPA,ILKOM,3
S0038,FMIPA,ILKOM,3
S0039,FMIPA,ILKOM,3
S0040,FMIPA,ILKOM,3
S0041,FMIPA,ILKOM,3
S0042,FMIPA,ILKOM,3
S0043,FMIPA,ILKOM,3
S0044,FMIPA,ILKOM,3
S0045,FMIPA,ILKOM,3
S0046,FMIPA,ILKOM,3
S0047,FMIPA,ILKOM,3
S0048,FMIPA,ILKOM,3
S0049,FMIPA,ILKOM,4
S0050,FMIPA,ILKOM,4
S0051,FMIPA,ILKOM,4
S0052,FMIPA,ILKOM,4
S0053,FMIPA,ILKOM,4
S0054,FMIPA,ILKOM,4
S0055,FMIPA,ILKOM,4
S0056,FMIPA,ILKOM,4
S0057,FMIPA,ILKOM,4
S0058,FMIPA,ILKOM,4
S0059,FMIPA,ILKOM,4
S0060,FMIPA,ILKOM,4
S0061,FMIPA,ILKOM,4
S0062,FMIPA,ILKOM,4
S0063,FMIPA,ILKOM,4
S0064,FMIPA,ILKOM,4
S0065,FMIPA,ILKOM,5
S0066,FMIPA,ILKOM,5
S0067,FMIPA,ILKOM,5
S0068,FMIPA,ILKOM,5
S0069,FMIPA,ILKOM,5
S0070,FMIPA,ILKOM,5
S0071,FMIPA,ILKOM,5
S0072,FMIPA,ILKOM,5
S0073,FMIPA,ILKOM,5
S0074,FMIPA,ILKOM,5
S0075,FMIPA,ILKOM,5
S0076,FMIPA,ILKOM,5
S0077,FMIPA,ILKOM,5
S0078,FMIPA,ILKOM,5
S0079,FMIPA,ILKOM,5
S0080,FMIPA,ILKOM,5
S0081,FMIPA,ILKOM,6
S0082,FMIPA,ILKOM,6
S0083,FMIPA,ILKOM,6
S0084,FMIPA,ILKOM,6
S0085,FMIPA,ILKOM,6
S0086,FMIPA,ILKOM,6
S0087,FMIPA,ILKOM,6
S0088,FMIPA,ILKOM,6
S0089,FMIPA,ILKOM,6
S0090,FMIPA,ILKOM,6
S0091,FMIPA,ILKOM,6
S0092,FMIPA,ILKOM,6
S0093,FMIPA,ILKOM,6
S0094,FMIPA,ILKOM,6
S0095,FMIPA,ILKOM,6
S0096,FMIPA,ILKOM,6
S0097,FMIPA,ILKOM,7
S0098,FMIPA,ILKOM,7
S0099,FMIPA,ILKOM,7
S0100,FMIPA,ILKOM,7
S0101,FMIPA,ILKOM,7
S0102,FMIPA,ILKOM,7
S0103,FMIPA,ILKOM,7
S0104,FMIPA,ILKOM,7
S0105,FMIPA,ILKOM,7
S0106,FMIPA,ILKOM,7
S0107,FMIPA,ILKOM,7
S0108,FMIPA,ILKOM,7
S0109,FMIPA,ILKOM,7
S0110,FMIPA,ILKOM,7
S0111,FMIPA,ILKOM,7
S0112,FMIPA,ILKOM,7
S0113,FMIPA,ILKOM,8
S0114,FMIPA,ILKOM,8
S0115,FMIPA,ILKOM,8
S0116,FMIPA,ILKOM,8
S0117,FMIPA,ILKOM,8
S0118,FMIPA,ILKOM,8
S0119,FMIPA,ILKOM,8
S0120,FMIPA,ILKOM,8
S0121,FMIPA,ILKOM,8
S0122,FMIPA,ILKOM,8
S0123,FMIPA,ILKOM,8
S0124,FMIPA,ILKOM,8
S0125,FMIPA,ILKOM,8
S0126,FMIPA,ILKOM,8
S0127,FMIPA,ILKOM,8
S0128,FMIPA,ILKOM,8
S0129,FMIPA,ILKOM,8
S0130,FMIPA,ILKOM,8
S0131,FMIPA,STAT,1
S0132,FMIPA,STAT,1
S0133,FMIPA,STAT,1
S0134,FMIPA,STAT,1
S0135,FMIPA,STAT,1
S0136,FMIPA,STAT,1
S0137,FMIPA,STAT,1
S0138,FMIPA,STAT,1
S0139,FMIPA,STAT,1
S0140,FMIPA,STAT,1
S0141,FMIPA,STAT,1
S0142,FMIPA,STAT,1
S0143,FMIPA,STAT,1
S0144,FMIPA,STAT,1
S0145,FMIPA,STAT,1
S0146,FMIPA,STAT,1
S0147,FMIPA,STAT,2
S0148,FMIPA,STAT,2
S0149,FMIPA,STAT,2
S0150,FMIPA,STAT,2
S0151,FMIPA,STAT,2
S0152,FMIPA,STAT,2
S0153,FMIPA,STAT,2
S0154,FMIPA,STAT,2
S0155,FMIPA,STAT,2
S0156,FMIPA,STAT,2
S0157,FMIPA,STAT,2
S0158,FMIPA,STAT,2
S0159,FMIPA,STAT,2
S0160,FMIPA,STAT,2
S0161,FMIPA,STAT,2
S0162,FMIPA,STAT,2
S0163,FMIPA,STAT,3
S0164,FMIPA,STAT,3
S0165,FMIPA,STAT,3
S0166,FMIPA,STAT,3
S0167,FMIPA,STAT,3
S0168,FMIPA,STAT,3
S0169,FMIPA,STAT,3
S0170,FMIPA,STAT,3
S0171,FMIPA,STAT,3
S0172,FMIPA,STAT,3
S0173,FMIPA,STAT,3
S0174,FMIPA,STAT,3
S0175,FMIPA,STAT,3
S0176,FMIPA,STAT,3
S0177,FMIPA,STAT,3
S0178,FMIPA,STAT,3
S0179,FMIPA,STAT,4
S0180,FMIPA,STAT,4
S0181,FMIPA,STAT,4
S0182,FMIPA,STAT,4
S0183,FMIPA,STAT,4
S0184,FMIPA,STAT,4
S0185,FMIPA,STAT,4
S0186,FMIPA,STAT,4
S0187,FMIPA,STAT,4
S0188,FMIPA,STAT,4
S0189,FMIPA,STAT,4
S0190,FMIPA,STAT,4
S0191,FMIPA,STAT,4
S0192,FMIPA,STAT,4
S0193,FMIPA,STAT,4
S0194,FMIPA,STAT,4
S0195,FMIPA,STAT,5
S0196,FMIPA,STAT,5
S0197,FMIPA,STAT,5
S0198,FMIPA,STAT,5
S0199,FMIPA,STAT,5
S0200,FMIPA,STAT,5
S0201,FMIPA,STAT,5
S0202,FMIPA,STAT,5
S0203,FMIPA,STAT,5
S0204,FMIPA,STAT,5
S0205,FMIPA,STAT,5
S0206,FMIPA,STAT,5
S0207,FMIPA,STAT,5
S0208,FMIPA,STAT,5
S0209,FMIPA,STAT,5
S0210,FMIPA,STAT,5
S0211,FMIPA,STAT,6
S0212,FMIPA,STAT,6
S0213,FMIPA,STAT,6
S0214,FMIPA,STAT,6
S0215,FMIPA,STAT,6
S0216,FMIPA,STAT,6
S0217,FMIPA,STAT,6
S0218,FMIPA,STAT,6
S0219,FMIPA,STAT,6
S0220,FMIPA,STAT,6
S0221,FMIPA,STAT,6
S0222,FMIPA,STAT,6
S0223,FMIPA,STAT,6
S0224,FMIPA,STAT,6
S0225,FMIPA,STAT,6
S0226,FMIPA,STAT,6
S0227,FMIPA,STAT,7
S0228,FMIPA,STAT,7
S0229,FMIPA,STAT,7
S0230,FMIPA,STAT,7
S0231,FMIPA,STAT,7
S0232,FMIPA,STAT,7
S0233,FMIPA,STAT,7
S0234,FMIPA,STAT,7
S0235,FMIPA,STAT,7
S0236,FMIPA,STAT,7
S0237,FMIPA,STAT,7
S0238,FMIPA,STAT,7
S0239,FMIPA,STAT,7
S0240,FMIPA,STAT,7
S0241,FMIPA,STAT,7
S0242,FMIPA,STAT,7
S0243,FMIPA,STAT,8
S0244,FMIPA,STAT,8
S0245,FMIPA,STAT,8
S0246,FMIPA,STAT,8
S0247,FMIPA,STAT,8
S0248,FMIPA,STAT,8
S0249,FMIPA,STAT,8
S0250,FMIPA,STAT,8
S0251,FMIPA,STAT,8
S0252,FMIPA,STAT,8
S0253,FMIPA,STAT,8
S0254,FMIPA,STAT,8
S0255,FMIPA,STAT,8
S0256,FMIPA,STAT,8
S0257,FMIPA,STAT,8
S0258,FMIPA,STAT,8
S0259,FMIPA,STAT,8
S0260,FMIPA,STAT,8
S0261,FMIPA,MAT,1
S0262,FMIPA,MAT,1
S0263,FMIPA,MAT,1
S0264,FMIPA,MAT,1
S0265,FMIPA,MAT,1
S0266,FMIPA,MAT,1
S0267,FMIPA,MAT,1
S0268,FMIPA,MAT,1
S0269,FMIPA,MAT,1
S0270,FMIPA,MAT,1
S0271,FMIPA,MAT,1
S0272,FMIPA,MAT,1
S0273,FMIPA,MAT,1
S0274,FMIPA,MAT,1
S0275,FMIPA,MAT,1
S0276,FMIPA,MAT,1
S0277,FMIPA,MAT,2
S0278,FMIPA,MAT,2
S0279,FMIPA,MAT,2
S0280,FMIPA,MAT,2
S0281,FMIPA,MAT,2
S0282,FMIPA,MAT,2
S0283,FMIPA,MAT,2
S0284,FMIPA,MAT,2
S0285,FMIPA,MAT,2
S0286,FMIPA,MAT,2
S0287,FMIPA,MAT,2
S0288,FMIPA,MAT,2
S0289,FMIPA,MAT,2
S0290,FMIPA,MAT,2
S0291,FMIPA,MAT,2
S0292,FMIPA,MAT,2
S0293,FMIPA,MAT,3
S0294,FMIPA,MAT,3
S0295,FMIPA,MAT,3
S0296,FMIPA,MAT,3
S0297,FMIPA,MAT,3
S0298,FMIPA,MAT,3
S0299,FMIPA,MAT,3
S0300,FMIPA,MAT,3
S0301,FMIPA,MAT,3
S0302,FMIPA,MAT,3
S0303,FMIPA,MAT,3
S0304,FMIPA,MAT,3
S0305,FMIPA,MAT,3
S0306,FMIPA,MAT,3
S0307,FMIPA,MAT,3
S0308,FMIPA,MAT,3
S0309,FMIPA,MAT,4
S0310,FMIPA,MAT,4
S0311,FMIPA,MAT,4
S0312,FMIPA,MAT,4
S0313,FMIPA,MAT,4
S0314,FMIPA,MAT,4
S0315,FMIPA,MAT,4
S0316,FMIPA,MAT,4
S0317,FMIPA,MAT,4
S0318,FMIPA,MAT,4
S0319,FMIPA,MAT,4
S0320,FMIPA,MAT,4
S0321,FMIPA,MAT,4
S0322,FMIPA,MAT,4
S0323,FMIPA,MAT,4
S0324,FMIPA,MAT,4
S0325,FMIPA,MAT,5
S0326,FMIPA,MAT,5
S0327,FMIPA,MAT,5
S0328,FMIPA,MAT,5
S0329,FMIPA,MAT,5
S0330,FMIPA,MAT,5
S0331,FMIPA,MAT,5
S0332,FMIPA,MAT,5
S0333,FMIPA,MAT,5
S0334,FMIPA,MAT,5
S0335,FMIPA,MAT,5
S0336,FMIPA,MAT,5
S0337,FMIPA,MAT,5
S0338,FMIPA,MAT,5
S0339,FMIPA,MAT,5
S0340,FMIPA,MAT,5
S0341,FMIPA,MAT,6
S0342,FMIPA,MAT,6
S0343,FMIPA,MAT,6
S0344,FMIPA,MAT,6
S0345,FMIPA,MAT,6
S0346,FMIPA,MAT,6
S0347,FMIPA,MAT,6
S0348,FMIPA,MAT,6
S0349,FMIPA,MAT,6
S0350,FMIPA,MAT,6
S0351,FMIPA,MAT,6
S0352,FMIPA,MAT,6
S0353,FMIPA,MAT,6
S0354,FMIPA,MAT,6
S0355,FMIPA,MAT,6
S0356,FMIPA,MAT,6
S0357,FMIPA,MAT,7
S0358,FMIPA,MAT,7
S0359,FMIPA,MAT,7
S0360,FMIPA,MAT,7
S0361,FMIPA,MAT,7
S0362,FMIPA,MAT,7
S0363,FMIPA,MAT,7
S0364,FMIPA,MAT,7
S0365,FMIPA,MAT,7
S0366,FMIPA,MAT,7
S0367,FMIPA,MAT,7
S0368,FMIPA,MAT,7
S0369,FMIPA,MAT,7
S0370,FMIPA,MAT,7
S0371,FMIPA,MAT,7
S0372,FMIPA,MAT,7
S0373,FMIPA,MAT,8
S0374,FMIPA,MAT,8
S0375,FMIPA,MAT,8
S0376,FMIPA,MAT,8
S0377,FMIPA,MAT,8
S0378,FMIPA,MAT,8
S0379,FMIPA,MAT,8
S0380,FMIPA,MAT,8
S0381,FMIPA,MAT,8
S0382,FMIPA,MAT,8
S0383,FMIPA,MAT,8
S0384,FMIPA,MAT,8
S0385,FMIPA,MAT,8
S0386,FMIPA,MAT,8
S0387,FMIPA,MAT,8
S0388,FMIPA,MAT,8
S0389,FMIPA,MAT,8
S0390,FMIPA,MAT,8
S0391,FMIPA,KIM,1
S0392,FMIPA,KIM,1
S0393,FMIPA,KIM,1
S0394,FMIPA,KIM,1
S0395,FMIPA,KIM,1
S0396,FMIPA,KIM,1
S0397,FMIPA,KIM,1
S0398,FMIPA,KIM,1
S0399,FMIPA,KIM,1
S0400,FMIPA,KIM,1
S0401,FMIPA,KIM,1
S0402,FMIPA,KIM,1
S0403,FMIPA,KIM,1
S0404,FMIPA,KIM,1
S0405,FMIPA,KIM,1
S0406,FMIPA,KIM,1
S0407,FMIPA,KIM,2
S0408,FMIPA,KIM,2
S0409,FMIPA,KIM,2
S0410,FMIPA,KIM,2
S0411,FMIPA,KIM,2
S0412,FMIPA,KIM,2
S0413,FMIPA,KIM,2
S0414,FMIPA,KIM,2
S0415,FMIPA,KIM,2
S0416,FMIPA,KIM,2
S0417,FMIPA,KIM,2
S0418,FMIPA,KIM,2
S0419,FMIPA,KIM,2
S0420,FMIPA,KIM,2
S0421,FMIPA,KIM,2
S0422,FMIPA,KIM,2
S0423,FMIPA,KIM,3
S0424,FMIPA,KIM,3
S0425,FMIPA,KIM,3
S0426,FMIPA,KIM,3
S0427,FMIPA,KIM,3
S0428,FMIPA,KIM,3
S0429,FMIPA,KIM,3
S0430,FMIPA,KIM,3
S0431,FMIPA,KIM,3
S0432,FMIPA,KIM,3
S0433,FMIPA,KIM,3
S0434,FMIPA,KIM,3
S0435,FMIPA,KIM,3
S0436,FMIPA,KIM,3
S0437,FMIPA,KIM,3
S0438,FMIPA,KIM,3
S0439,FMIPA,KIM,4
S0440,FMIPA,KIM,4
S0441,FMIPA,KIM,4
S0442,FMIPA,KIM,4
S0443,FMIPA,KIM,4
S0444,FMIPA,KIM,4
S0445,FMIPA,KIM,4
S0446,FMIPA,KIM,4
S0447,FMIPA,KIM,4
S0448,FMIPA,KIM,4
S0449,FMIPA,KIM,4
S0450,FMIPA,KIM,4
S0451,FMIPA,KIM,4
S0452,FMIPA,KIM,4
S0453,FMIPA,KIM,4
S0454,FMIPA,KIM,4
S0455,FMIPA,KIM,5
S0456,FMIPA,KIM,5
S0457,FMIPA,KIM,5
S0458,FMIPA,KIM,5
S0459,FMIPA,KIM,5
S0460,FMIPA,KIM,5
S0461,FMIPA,KIM,5
S0462,FMIPA,KIM,5
S0463,FMIPA,KIM,5
S0464,FMIPA,KIM,5
S0465,FMIPA,KIM,5
S0466,FMIPA,KIM,5
S0467,FMIPA,KIM,5
S0468,FMIPA,KIM,5
S0469,FMIPA,KIM,5
S0470,FMIPA,KIM,5
S0471,FMIPA,KIM,6
S0472,FMIPA,KIM,6
S0473,FMIPA,KIM,6
S0474,FMIPA,KIM,6
S0475,FMIPA,KIM,6
S0476,FMIPA,KIM,6
S0477,FMIPA,KIM,6
S0478,FMIPA,KIM,6
S0479,FMIPA,KIM,6
S0480,FMIPA,KIM,6
S0481,FMIPA,KIM,6
S0482,FMIPA,KIM,6
S0483,FMIPA,KIM,6
S0484,FMIPA,KIM,6
S0485,FMIPA,KIM,6
S0486,FMIPA,KIM,6
S0487,FMIPA,KIM,7
S0488,FMIPA,KIM,7
S0489,FMIPA,KIM,7
S0490,FMIPA,KIM,7
S0491,FMIPA,KIM,7
S0492,FMIPA,KIM,7
S0493,FMIPA,KIM,7
S0494,FMIPA,KIM,7
S0495,FMIPA,KIM,7
S0496,FMIPA,KIM,7
S0497,FMIPA,KIM,7
S0498,FMIPA,KIM,7
S0499,FMIPA,KIM,7
S0500,FMIPA,KIM,7
S0501,FMIPA,KIM,7
S0502,FMIPA,KIM,7
S0503,FMIPA,KIM,8
S0504,FMIPA,KIM,8
S0505,FMIPA,KIM,8
S0506,FMIPA,KIM,8
S0507,FMIPA,KIM,8
S0508,FMIPA,KIM,8
S0509,FMIPA,KIM,8
S0510,FMIPA,KIM,8
S0511,FMIPA,KIM,8
S0512,FMIPA,KIM,8
S0513,FMIPA,KIM,8
S0514,FMIPA,KIM,8
S0515,FMIPA,KIM,8
S0516,FMIPA,KIM,8
S0517,FMIPA,KIM,8
S0518,FMIPA,KIM,8
S0519,FMIPA,KIM,8
S0520,FMIPA,KIM,8
S0521,FMIPA,FIS,1
S0522,FMIPA,FIS,1
S0523,FMIPA,FIS,1
S0524,FMIPA,FIS,1
S0525,FMIPA,FIS,1
S0526,FMIPA,FIS,1
S0527,FMIPA,FIS,1
S0528,FMIPA,FIS,1
S0529,FMIPA,FIS,1
S0530,FMIPA,FIS,1
S0531,FMIPA,FIS,1
S0532,FMIPA,FIS,1
S0533,FMIPA,FIS,1
S0534,FMIPA,FIS,1
S0535,FMIPA,FIS,1
S0536,FMIPA,FIS,1
S0537,FMIPA,FIS,2
S0538,FMIPA,FIS,2
S0539,FMIPA,FIS,2
S0540,FMIPA,FIS,2
S0541,FMIPA,FIS,2
S0542,FMIPA,FIS,2
S0543,FMIPA,FIS,2
S0544,FMIPA,FIS,2
S0545,FMIPA,FIS,2
S0546,FMIPA,FIS,2
S0547,FMIPA,FIS,2
S0548,FMIPA,FIS,2
S0549,FMIPA,FIS,2
S0550,FMIPA,FIS,2
S0551,FMIPA,FIS,2
S0552,FMIPA,FIS,2
S0553,FMIPA,FIS,3
S0554,FMIPA,FIS,3
S0555,FMIPA,FIS,3
S0556,FMIPA,FIS,3
S0557,FMIPA,FIS,3
S0558,FMIPA,FIS,3
S0559,FMIPA,FIS,3
S0560,FMIPA,FIS,3
S0561,FMIPA,FIS,3
S0562,FMIPA,FIS,3
S0563,FMIPA,FIS,3
S0564,FMIPA,FIS,3
S0565,FMIPA,FIS,3
S0566,FMIPA,FIS,3
S0567,FMIPA,FIS,3
S0568,FMIPA,FIS,3
S0569,FMIPA,FIS,4
S0570,FMIPA,FIS,4
S0571,FMIPA,FIS,4
S0572,FMIPA,FIS,4
S0573,FMIPA,FIS,4
S0574,FMIPA,FIS,4
S0575,FMIPA,FIS,4
S0576,FMIPA,FIS,4
S0577,FMIPA,FIS,4
S0578,FMIPA,FIS,4
S0579,FMIPA,FIS,4
S0580,FMIPA,FIS,4
S0581,FMIPA,FIS,4
S0582,FMIPA,FIS,4
S0583,FMIPA,FIS,4
S0584,FMIPA,FIS,4
S0585,FMIPA,FIS,5
S0586,FMIPA,FIS,5
S0587,FMIPA,FIS,5
S0588,FMIPA,FIS,5
S0589,FMIPA,FIS,5
S0590,FMIPA,FIS,5
S0591,FMIPA,FIS,5
S0592,FMIPA,FIS,5
S0593,FMIPA,FIS,5
S0594,FMIPA,FIS,5
S0595,FMIPA,FIS,5
S0596,FMIPA,FIS,5
S0597,FMIPA,FIS,5
S0598,FMIPA,FIS,5
S0599,FMIPA,FIS,5
S0600,FMIPA,FIS,5
S0601,FMIPA,FIS,6
S0602,FMIPA,FIS,6
S0603,FMIPA,FIS,6
S0604,FMIPA,FIS,6
S0605,FMIPA,FIS,6
S0606,FMIPA,FIS,6
S0607,FMIPA,FIS,6
S0608,FMIPA,FIS,6
S0609,FMIPA,FIS,6
S0610,FMIPA,FIS,6
S0611,FMIPA,FIS,6
S0612,FMIPA,FIS,6
S0613,FMIPA,FIS,6
S0614,FMIPA,FIS,6
S0615,FMIPA,FIS,6
S0616,FMIPA,FIS,6
S0617,FMIPA,FIS,7
S0618,FMIPA,FIS,7
S0619,FMIPA,FIS,7
S0620,FMIPA,FIS,7
S0621,FMIPA,FIS,7
S0622,FMIPA,FIS,7
S0623,FMIPA,FIS,7
S0624,FMIPA,FIS,7
S0625,FMIPA,FIS,7
S0626,FMIPA,FIS,7
S0627,FMIPA,FIS,7
S0628,FMIPA,FIS,7
S0629,FMIPA,FIS,7
S0630,FMIPA,FIS,7
S0631,FMIPA,FIS,7
S0632,FMIPA,FIS,7
S0633,FMIPA,FIS,8
S0634,FMIPA,FIS,8
S0635,FMIPA,FIS,8
S0636,FMIPA,FIS,8
S0637,FMIPA,FIS,8
S0638,FMIPA,FIS,8
S0639,FMIPA,FIS,8
S0640,FMIPA,FIS,8
S0641,FMIPA,FIS,8
S0642,FMIPA,FIS,8
S0643,FMIPA,FIS,8
S0644,FMIPA,FIS,8
S0645,FMIPA,FIS,8
S0646,FMIPA,FIS,8
S0647,FMIPA,FIS,8
S0648,FMIPA,FIS,8
S0649,FMIPA,FIS,8
S0650,FMIPA,FIS,8
S0651,FATETA,TIN,1
S0652,FATETA,TIN,1
S0653,FATETA,TIN,1
S0654,FATETA,TIN,1
S0655,FATETA,TIN,1
S0656,FATETA,TIN,1
S0657,FATETA,TIN,1
S0658,FATETA,TIN,1
S0659,FATETA,TIN,1
S0660,FATETA,TIN,1
S0661,FATETA,TIN,1
S0662,FATETA,TIN,1
S0663,FATETA,TIN,1
S0664,FATETA,TIN,1
S0665,FATETA,TIN,1
S0666,FATETA,TIN,1
S0667,FATETA,TIN,2
S0668,FATETA,TIN,2
S0669,FATETA,TIN,2
S0670,FATETA,TIN,2
S0671,FATETA,TIN,2
S0672,FATETA,TIN,2
S0673,FATETA,TIN,2
S0674,FATETA,TIN,2
S0675,FATETA,TIN,2
S0676,FATETA,TIN,2
S0677,FATETA,TIN,2
S0678,FATETA,TIN,2
S0679,FATETA,TIN,2
S0680,FATETA,TIN,2
S0681,FATETA,TIN,2
S0682,FATETA,TIN,2
S0683,FATETA,TIN,3
S0684,FATETA,TIN,3
S0685,FATETA,TIN,3
S0686,FATETA,TIN,3
S0687,FATETA,TIN,3
S0688,FATETA,TIN,3
S0689,FATETA,TIN,3
S0690,FATETA,TIN,3
S0691,FATETA,TIN,3
S0692,FATETA,TIN,3
S0693,FATETA,TIN,3
S0694,FATETA,TIN,3
S0695,FATETA,TIN,3
S0696,FATETA,TIN,3
S0697,FATETA,TIN,3
S0698,FATETA,TIN,3
S0699,FATETA,TIN,4
S0700,FATETA,TIN,4
S0701,FATETA,TIN,4
S0702,FATETA,TIN,4
S0703,FATETA,TIN,4
S0704,FATETA,TIN,4
S0705,FATETA,TIN,4
S0706,FATETA,TIN,4
S0707,FATETA,TIN,4
S0708,FATETA,TIN,4
S0709,FATETA,TIN,4
S0710,FATETA,TIN,4
S0711,FATETA,TIN,4
S0712,FATETA,TIN,4
S0713,FATETA,TIN,4
S0714,FATETA,TIN,4
S0715,FATETA,TIN,5
S0716,FATETA,TIN,5
S0717,FATETA,TIN,5
S0718,FATETA,TIN,5
S0719,FATETA,TIN,5
S0720,FATETA,TIN,5
S0721,FATETA,TIN,5
S0722,FATETA,TIN,5
S0723,FATETA,TIN,5
S0724,FATETA,TIN,5
S0725,FATETA,TIN,5
S0726,FATETA,TIN,5
S0727,FATETA,TIN,5
S0728,FATETA,TIN,5
S0729,FATETA,TIN,5
S0730,FATETA,TIN,5
S0731,FATETA,TIN,6
S0732,FATETA,TIN,6
S0733,FATETA,TIN,6
S0734,FATETA,TIN,6
S0735,FATETA,TIN,6
S0736,FATETA,TIN,6
S0737,FATETA,TIN,6
S0738,FATETA,TIN,6
S0739,FATETA,TIN,6
S0740,FATETA,TIN,6
S0741,FATETA,TIN,6
S0742,FATETA,TIN,6
S0743,FATETA,TIN,6
S0744,FATETA,TIN,6
S0745,FATETA,TIN,6
S0746,FATETA,TIN,6
S0747,FATETA,TIN,7
S0748,FATETA,TIN,7
S0749,FATETA,TIN,7
S0750,FATETA,TIN,7
S0751,FATETA,TIN,7
S0752,FATETA,TIN,7
S0753,FATETA,TIN,7
S0754,FATETA,TIN,7
S0755,FATETA,TIN,7
S0756,FATETA,TIN,7
S0757,FATETA,TIN,7
S0758,FATETA,TIN,7
S0759,FATETA,TIN,7
S0760,FATETA,TIN,7
S0761,FATETA,TIN,7
S0762,FATETA,TIN,7
S0763,FATETA,TIN,8
S0764,FATETA,TIN,8
S0765,FATETA,TIN,8
S0766,FATETA,TIN,8
S0767,FATETA,TIN,8
S0768,FATETA,TIN,8
S0769,FATETA,TIN,8
S0770,FATETA,TIN,8
S0771,FATETA,TIN,8
S0772,FATETA,TIN,8
S0773,FATETA,TIN,8
S0774,FATETA,TIN,8
S0775,FATETA,TIN,8
S0776,FATETA,TIN,8
S0777,FATETA,TIN,8
S0778,FATETA,TIN,8
S0779,FATETA,TIN,8
S0780,FATETA,TIN,8
S0781,FATETA,TEP,1
S0782,FATETA,TEP,1
S0783,FATETA,TEP,1
S0784,FATETA,TEP,1
S0785,FATETA,TEP,1
S0786,FATETA,TEP,1
S0787,FATETA,TEP,1
S0788,FATETA,TEP,1
S0789,FATETA,TEP,1
S0790,FATETA,TEP,1
S0791,FATETA,TEP,1
S0792,FATETA,TEP,1
S0793,FATETA,TEP,1
S0794,FATETA,TEP,1
S0795,FATETA,TEP,1
S0796,FATETA,TEP,1
S0797,FATETA,TEP,2
S0798,FATETA,TEP,2
S0799,FATETA,TEP,2
S0800,FATETA,TEP,2
S0801,FATETA,TEP,2
S0802,FATETA,TEP,2
S0803,FATETA,TEP,2
S0804,FATETA,TEP,2
S0805,FATETA,TEP,2
S0806,FATETA,TEP,2
S0807,FATETA,TEP,2
S0808,FATETA,TEP,2
S0809,FATETA,TEP,2
S0810,FATETA,TEP,2
S0811,FATETA,TEP,2
S0812,FATETA,TEP,2
S0813,FATETA,TEP,3
S0814,FATETA,TEP,3
S0815,FATETA,TEP,3
S0816,FATETA,TEP,3
S0817,FATETA,TEP,3
S0818,FATETA,TEP,3
S0819,FATETA,TEP,3
S0820,FATETA,TEP,3
S0821,FATETA,TEP,3
S0822,FATETA,TEP,3
S0823,FATETA,TEP,3
S0824,FATETA,TEP,3
S0825,FATETA,TEP,3
S0826,FATETA,TEP,3
S0827,FATETA,TEP,3
S0828,FATETA,TEP,3
S0829,FATETA,TEP,4
S0830,FATETA,TEP,4
S0831,FATETA,TEP,4
S0832,FATETA,TEP,4
S0833,FATETA,TEP,4
S0834,FATETA,TEP,4
S0835,FATETA,TEP,4
S0836,FATETA,TEP,4
S0837,FATETA,TEP,4
S0838,FATETA,TEP,4
S0839,FATETA,TEP,4
S0840,FATETA,TEP,4
S0841,FATETA,TEP,4
S0842,FATETA,TEP,4
S0843,FATETA,TEP,4
S0844,FATETA,TEP,4
S0845,FATETA,TEP,5
S0846,FATETA,TEP,5
S0847,FATETA,TEP,5
S0848,FATETA,TEP,5
S0849,FATETA,TEP,5
S0850,FATETA,TEP,5
S0851,FATETA,TEP,5
S0852,FATETA,TEP,5
S0853,FATETA,TEP,5
S0854,FATETA,TEP,5
S0855,FATETA,TEP,5
S0856,FATETA,TEP,5
S0857,FATETA,TEP,5
S0858,FATETA,TEP,5
S0859,FATETA,TEP,5
S0860,FATETA,TEP,5
S0861,FATETA,TEP,6
S0862,FATETA,TEP,6
S0863,FATETA,TEP,6
S0864,FATETA,TEP,6
S0865,FATETA,TEP,6
S0866,FATETA,TEP,6
S0867,FATETA,TEP,6
S0868,FATETA,TEP,6
S0869,FATETA,TEP,6
S0870,FATETA,TEP,6
S0871,FATETA,TEP,6
S0872,FATETA,TEP,6
S0873,FATETA,TEP,6
S0874,FATETA,TEP,6
S0875,FATETA,TEP,6
S0876,FATETA,TEP,6
S0877,FATETA,TEP,7
S0878,FATETA,TEP,7
S0879,FATETA,TEP,7
S0880,FATETA,TEP,7
S0881,FATETA,TEP,7
S0882,FATETA,TEP,7
S0883,FATETA,TEP,7
S0884,FATETA,TEP,7
S0885,FATETA,TEP,7
S0886,FATETA,TEP,7
S0887,FATETA,TEP,7
S0888,FATETA,TEP,7
S0889,FATETA,TEP,7
S0890,FATETA,TEP,7
S0891,FATETA,TEP,7
S0892,FATETA,TEP,7
S0893,FATETA,TEP,8
S0894,FATETA,TEP,8
S0895,FATETA,TEP,8
S0896,FATETA,TEP,8
S0897,FATETA,TEP,8
S0898,FATETA,TEP,8
S0899,FATETA,TEP,8
S0900,FATETA,TEP,8
S0901,FATETA,TEP,8
S0902,FATETA,TEP,8
S0903,FATETA,TEP,8
S0904,FATETA,TEP,8
S0905,FATETA,TEP,8
S0906,FATETA,TEP,8
S0907,FATETA,TEP,8
S0908,FATETA,TEP,8
S0909,FATETA,TEP,8
S0910,FATETA,TEP,8
S0911,FATETA,ITP,1
S0912,FATETA,ITP,1
S0913,FATETA,ITP,1
S0914,FATETA,ITP,1
S0915,FATETA,ITP,1
S0916,FATETA,ITP,1
S0917,FATETA,ITP,1
S0918,FATETA,ITP,1
S0919,FATETA,ITP,1
S0920,FATETA,ITP,1
S0921,FATETA,ITP,1
S0922,FATETA,ITP,1
S0923,FATETA,ITP,1
S0924,FATETA,ITP,1
S0925,FATETA,ITP,1
S0926,FATETA,ITP,1
S0927,FATETA,ITP,2
S0928,FATETA,ITP,2
S0929,FATETA,ITP,2
S0930,FATETA,ITP,2
S0931,FATETA,ITP,2
S0932,FATETA,ITP,2
S0933,FATETA,ITP,2
S0934,FATETA,ITP,2
S0935,FATETA,ITP,2
S0936,FATETA,ITP,2
S0937,FATETA,ITP,2
S0938,FATETA,ITP,2
S0939,FATETA,ITP,2
S0940,FATETA,ITP,2
S0941,FATETA,ITP,2
S0942,FATETA,ITP,2
S0943,FATETA,ITP,3
S0944,FATETA,ITP,3
S0945,FATETA,ITP,3
S0946,FATETA,ITP,3
S0947,FATETA,ITP,3
S0948,FATETA,ITP,3
S0949,FATETA,ITP,3
S0950,FATETA,ITP,3
S0951,FATETA,ITP,3
S0952,FATETA,ITP,3
S0953,FATETA,ITP,3
S0954,FATETA,ITP,3
S0955,FATETA,ITP,3
S0956,FATETA,ITP,3
S0957,FATETA,ITP,3
S0958,FATETA,ITP,3
S0959,FATETA,ITP,4
S0960,FATETA,ITP,4
S0961,FATETA,ITP,4
S0962,FATETA,ITP,4
S0963,FATETA,ITP,4
S0964,FATETA,ITP,4
S0965,FATETA,ITP,4
S0966,FATETA,ITP,4
S0967,FATETA,ITP,4
S0968,FATETA,ITP,4
S0969,FATETA,ITP,4
S0970,FATETA,ITP,4
S0971,FATETA,ITP,4
S0972,FATETA,ITP,4
S0973,FATETA,ITP,4
S0974,FATETA,ITP,4
S0975,FATETA,ITP,5
S0976,FATETA,ITP,5
S0977,FATETA,ITP,5
S0978,FATETA,ITP,5
S0979,FATETA,ITP,5
S0980,FATETA,ITP,5
S0981,FATETA,ITP,5
S0982,FATETA,ITP,5
S0983,FATETA,ITP,5
S0984,FATETA,ITP,5
S0985,FATETA,ITP,5
S0986,FATETA,ITP,5
S0987,FATETA,ITP,5
S0988,FATETA,ITP,5
S0989,FATETA,ITP,5
S0990,FATETA,ITP,5
S0991,FATETA,ITP,6
S0992,FATETA,ITP,6
S0993,FATETA,ITP,6
S0994,FATETA,ITP,6
S0995,FATETA,ITP,6
S0996,FATETA,ITP,6
S0997,FATETA,ITP,6
S0998,FATETA,ITP,6
S0999,FATETA,ITP,6
S1000,FATETA,ITP,6
S1001,FATETA,ITP,6
S1002,FATETA,ITP,6
S1003,FATETA,ITP,6
S1004,FATETA,ITP,6
S1005,FATETA,ITP,6
S1006,FATETA,ITP,6
S1007,FATETA,ITP,7
S1008,FATETA,ITP,7
S1009,FATETA,ITP,7
S1010,FATETA,ITP,7
S1011,FATETA,ITP,7
S1012,FATETA,ITP,7
S1013,FATETA,ITP,7
S1014,FATETA,ITP,7
S1015,FATETA,ITP,7
S1016,FATETA,ITP,7
S1017,FATETA,ITP,7
S1018,FATETA,ITP,7
S1019,FATETA,ITP,7
S1020,FATETA,ITP,7
S1021,FATETA,ITP,7
S1022,FATETA,ITP,7
S1023,FATETA,ITP,8
S1024,FATETA,ITP,8
S1025,FATETA,ITP,8
S1026,FATETA,ITP,8
S1027,FATETA,ITP,8
S1028,FATETA,ITP,8
S1029,FATETA,ITP,8
S1030,FATETA,ITP,8
S1031,FATETA,ITP,8
S1032,FATETA,ITP,8
S1033,FATETA,ITP,8
S1034,FATETA,ITP,8
S1035,FATETA,ITP,8
S1036,FATETA,ITP,8
S1037,FATETA,ITP,8
S1038,FATETA,ITP,8
S1039,FATETA,ITP,8
S1040,FATETA,ITP,8
S1041,FATETA,SIL,1
S1042,FATETA,SIL,1
S1043,FATETA,SIL,1
S1044,FATETA,SIL,1
S1045,FATETA,SIL,1
S1046,FATETA,SIL,1
S1047,FATETA,SIL,1
S1048,FATETA,SIL,1
S1049,FATETA,SIL,1
S1050,FATETA,SIL,1
S1051,FATETA,SIL,1
S1052,FATETA,SIL,1
S1053,FATETA,SIL,1
S1054,FATETA,SIL,1
S1055,FATETA,SIL,1
S1056,FATETA,SIL,1
S1057,FATETA,SIL,2
S1058,FATETA,SIL,2
S1059,FATETA,SIL,2
S1060,FATETA,SIL,2
S1061,FATETA,SIL,2
S1062,FATETA,SIL,2
S1063,FATETA,SIL,2
S1064,FATETA,SIL,2
S1065,FATETA,SIL,2
S1066,FATETA,SIL,2
S1067,FATETA,SIL,2
S1068,FATETA,SIL,2
S1069,FATETA,SIL,2
S1070,FATETA,SIL,2
S1071,FATETA,SIL,2
S1072,FATETA,SIL,2
S1073,FATETA,SIL,3
S1074,FATETA,SIL,3
S1075,FATETA,SIL,3
S1076,FATETA,SIL,3
S1077,FATETA,SIL,3
S1078,FATETA,SIL,3
S1079,FATETA,SIL,3
S1080,FATETA,SIL,3
S1081,FATETA,SIL,3
S1082,FATETA,SIL,3
S1083,FATETA,SIL,3
S1084,FATETA,SIL,3
S1085,FATETA,SIL,3
S1086,FATETA,SIL,3
S1087,FATETA,SIL,3
S1088,FATETA,SIL,3
S1089,FATETA,SIL,4
S1090,FATETA,SIL,4
S1091,FATETA,SIL,4
S1092,FATETA,SIL,4
S1093,FATETA,SIL,4
S1094,FATETA,SIL,4
S1095,FATETA,SIL,4
S1096,FATETA,SIL,4
S1097,FATETA,SIL,4
S1098,FATETA,SIL,4
S1099,FATETA,SIL,4
S1100,FATETA,SIL,4
S1101,FATETA,SIL,4
S1102,FATETA,SIL,4
S1103,FATETA,SIL,4
S1104,FATETA,SIL,4
S1105,FATETA,SIL,5
S1106,FATETA,SIL,5
S1107,FATETA,SIL,5
S1108,FATETA,SIL,5
S1109,FATETA,SIL,5
S1110,FATETA,SIL,5
S1111,FATETA,SIL,5
S1112,FATETA,SIL,5
S1113,FATETA,SIL,5
S1114,FATETA,SIL,5
S1115,FATETA,SIL,5
S1116,FATETA,SIL,5
S1117,FATETA,SIL,5
S1118,FATETA,SIL,5
S1119,FATETA,SIL,5
S1120,FATETA,SIL,5
S1121,FATETA,SIL,6
S1122,FATETA,SIL,6
S1123,FATETA,SIL,6
S1124,FATETA,SIL,6
S1125,FATETA,SIL,6
S1126,FATETA,SIL,6
S1127,FATETA,SIL,6
S1128,FATETA,SIL,6
S1129,FATETA,SIL,6
S1130,FATETA,SIL,6
S1131,FATETA,SIL,6
S1132,FATETA,SIL,6
S1133,FATETA,SIL,6
S1134,FATETA,SIL,6
S1135,FATETA,SIL,6
S1136,FATETA,SIL,6
S1137,FATETA,SIL,7
S1138,FATETA,SIL,7
S1139,FATETA,SIL,7
S1140,FATETA,SIL,7
S1141,FATETA,SIL,7
S1142,FATETA,SIL,7
S1143,FATETA,SIL,7
S1144,FATETA,SIL,7
S1145,FATETA,SIL,7
S1146,FATETA,SIL,7
S1147,FATETA,SIL,7
S1148,FATETA,SIL,7
S1149,FATETA,SIL,7
S1150,FATETA,SIL,7
S1151,FATETA,SIL,7
S1152,FATETA,SIL,7
S1153,FATETA,SIL,8
S1154,FATETA,SIL,8
S1155,FATETA,SIL,8
S1156,FATETA,SIL,8
S1157,FATETA,SIL,8
S1158,FATETA,SIL,8
S1159,FATETA,SIL,8
S1160,FATETA,SIL,8
S1161,FATETA,SIL,8
S1162,FATETA,SIL,8
S1163,FATETA,SIL,8
S1164,FATETA,SIL,8
S1165,FATETA,SIL,8
S1166,FATETA,SIL,8
S1167,FATETA,SIL,8
S1168,FATETA,SIL,8
S1169,FATETA,SIL,8
S1170,FATETA,SIL,8
S1171,FEM,MAN,1
S1172,FEM,MAN,1
S1173,FEM,MAN,1
S1174,FEM,MAN,1
S1175,FEM,MAN,1
S1176,FEM,MAN,1
S1177,FEM,MAN,1
S1178,FEM,MAN,1
S1179,FEM,MAN,1
S1180,FEM,MAN,1
S1181,FEM,MAN,1
S1182,FEM,MAN,1
S1183,FEM,MAN,1
S1184,FEM,MAN,1
S1185,FEM,MAN,1
S1186,FEM,MAN,1
S1187,FEM,MAN,2
S1188,FEM,MAN,2
S1189,FEM,MAN,2
S1190,FEM,MAN,2
S1191,FEM,MAN,2
S1192,FEM,MAN,2
S1193,FEM,MAN,2
S1194,FEM,MAN,2
S1195,FEM,MAN,2
S1196,FEM,MAN,2
S1197,FEM,MAN,2
S1198,FEM,MAN,2
S1199,FEM,MAN,2
S1200,FEM,MAN,2
S1201,FEM,MAN,2
S1202,FEM,MAN,2
S1203,FEM,MAN,3
S1204,FEM,MAN,3
S1205,FEM,MAN,3
S1206,FEM,MAN,3
S1207,FEM,MAN,3
S1208,FEM,MAN,3
S1209,FEM,MAN,3
S1210,FEM,MAN,3
S1211,FEM,MAN,3
S1212,FEM,MAN,3
S1213,FEM,MAN,3
S1214,FEM,MAN,3
S1215,FEM,MAN,3
S1216,FEM,MAN,3
S1217,FEM,MAN,3
S1218,FEM,MAN,3
S1219,FEM,MAN,4
S1220,FEM,MAN,4
S1221,FEM,MAN,4
S1222,FEM,MAN,4
S1223,FEM,MAN,4
S1224,FEM,MAN,4
S1225,FEM,MAN,4
S1226,FEM,MAN,4
S1227,FEM,MAN,4
S1228,FEM,MAN,4
S1229,FEM,MAN,4
S1230,FEM,MAN,4
S1231,FEM,MAN,4
S1232,FEM,MAN,4
S1233,FEM,MAN,4
S1234,FEM,MAN,4
S1235,FEM,MAN,5
S1236,FEM,MAN,5
S1237,FEM,MAN,5
S1238,FEM,MAN,5
S1239,FEM,MAN,5
S1240,FEM,MAN,5
S1241,FEM,MAN,5
S1242,FEM,MAN,5
S1243,FEM,MAN,5
S1244,FEM,MAN,5
S1245,FEM,MAN,5
S1246,FEM,MAN,5
S1247,FEM,MAN,5
S1248,FEM,MAN,5
S1249,FEM,MAN,5
S1250,FEM,MAN,5
S1251,FEM,MAN,6
S1252,FEM,MAN,6
S1253,FEM,MAN,6
S1254,FEM,MAN,6
S1255,FEM,MAN,6
S1256,FEM,MAN,6
S1257,FEM,MAN,6
S1258,FEM,MAN,6
S1259,FEM,MAN,6
S1260,FEM,MAN,6
S1261,FEM,MAN,6
S1262,FEM,MAN,6
S1263,FEM,MAN,6
S1264,FEM,MAN,6
S1265,FEM,MAN,6
S1266,FEM,MAN,6
S1267,FEM,MAN,7
S1268,FEM,MAN,7
S1269,FEM,MAN,7
S1270,FEM,MAN,7
S1271,FEM,MAN,7
S1272,FEM,MAN,7
S1273,FEM,MAN,7
S1274,FEM,MAN,7
S1275,FEM,MAN,7
S1276,FEM,MAN,7
S1277,FEM,MAN,7
S1278,FEM,MAN,7
S1279,FEM,MAN,7
S1280,FEM,MAN,7
S1281,FEM,MAN,7
S1282,FEM,MAN,7
S1283,FEM,MAN,8
S1284,FEM,MAN,8
S1285,FEM,MAN,8
S1286,FEM,MAN,8
S1287,FEM,MAN,8
S1288,FEM,MAN,8
S1289,FEM,MAN,8
S1290,FEM,MAN,8
S1291,FEM,MAN,8
S1292,FEM,MAN,8
S1293,FEM,MAN,8
S1294,FEM,MAN,8
S1295,FEM,MAN,8
S1296,FEM,MAN,8
S1297,FEM,MAN,8
S1298,FEM,MAN,8
S1299,FEM,MAN,8
S1300,FEM,MAN,8
S1301,FEM,EKO,1
S1302,FEM,EKO,1
S1303,FEM,EKO,1
S1304,FEM,EKO,1
S1305,FEM,EKO,1
S1306,FEM,EKO,1
S1307,FEM,EKO,1
S1308,FEM,EKO,1
S1309,FEM,EKO,1
S1310,FEM,EKO,1
S1311,FEM,EKO,1
S1312,FEM,EKO,1
S1313,FEM,EKO,1
S1314,FEM,EKO,1
S1315,FEM,EKO,1
S1316,FEM,EKO,1
S1317,FEM,EKO,2
S1318,FEM,EKO,2
S1319,FEM,EKO,2
S1320,FEM,EKO,2
S1321,FEM,EKO,2
S1322,FEM,EKO,2
S1323,FEM,EKO,2
S1324,FEM,EKO,2
S1325,FEM,EKO,2
S1326,FEM,EKO,2
S1327,FEM,EKO,2
S1328,FEM,EKO,2
S1329,FEM,EKO,2
S1330,FEM,EKO,2
S1331,FEM,EKO,2
S1332,FEM,EKO,2
S1333,FEM,EKO,3
S1334,FEM,EKO,3
S1335,FEM,EKO,3
S1336,FEM,EKO,3
S1337,FEM,EKO,3
S1338,FEM,EKO,3
S1339,FEM,EKO,3
S1340,FEM,EKO,3
S1341,FEM,EKO,3
S1342,FEM,EKO,3
S1343,FEM,EKO,3
S1344,FEM,EKO,3
S1345,FEM,EKO,3
S1346,FEM,EKO,3
S1347,FEM,EKO,3
S1348,FEM,EKO,3
S1349,FEM,EKO,4
S1350,FEM,EKO,4
S1351,FEM,EKO,4
S1352,FEM,EKO,4
S1353,FEM,EKO,4
S1354,FEM,EKO,4
S1355,FEM,EKO,4
S1356,FEM,EKO,4
S1357,FEM,EKO,4
S1358,FEM,EKO,4
S1359,FEM,EKO,4
S1360,FEM,EKO,4
S1361,FEM,EKO,4
S1362,FEM,EKO,4
S1363,FEM,EKO,4
S1364,FEM,EKO,4
S1365,FEM,EKO,5
S1366,FEM,EKO,5
S1367,FEM,EKO,5
S1368,FEM,EKO,5
S1369,FEM,EKO,5
S1370,FEM,EKO,5
S1371,FEM,EKO,5
S1372,FEM,EKO,5
S1373,FEM,EKO,5
S1374,FEM,EKO,5
S1375,FEM,EKO,5
S1376,FEM,EKO,5
S1377,FEM,EKO,5
S1378,FEM,EKO,5
S1379,FEM,EKO,5
S1380,FEM,EKO,5
S1381,FEM,EKO,6
S1382,FEM,EKO,6
S1383,FEM,EKO,6
S1384,FEM,EKO,6
S1385,FEM,EKO,6
S1386,FEM,EKO,6
S1387,FEM,EKO,6
S1388,FEM,EKO,6
S1389,FEM,EKO,6
S1390,FEM,EKO,6
S1391,FEM,EKO,6
S1392,FEM,EKO,6
S1393,FEM,EKO,6
S1394,FEM,EKO,6
S1395,FEM,EKO,6
S1396,FEM,EKO,6
S1397,FEM,EKO,7
S1398,FEM,EKO,7
S1399,FEM,EKO,7
S1400,FEM,EKO,7
S1401,FEM,EKO,7
S1402,FEM,EKO,7
S1403,FEM,EKO,7
S1404,FEM,EKO,7
S1405,FEM,EKO,7
S1406,FEM,EKO,7
S1407,FEM,EKO,7
S1408,FEM,EKO,7
S1409,FEM,EKO,7
S1410,FEM,EKO,7
S1411,FEM,EKO,7
S1412,FEM,EKO,7
S1413,FEM,EKO,8
S1414,FEM,EKO,8
S1415,FEM,EKO,8
S1416,FEM,EKO,8
S1417,FEM,EKO,8
S1418,FEM,EKO,8
S1419,FEM,EKO,8
S1420,FEM,EKO,8
S1421,FEM,EKO,8
S1422,FEM,EKO,8
S1423,FEM,EKO,8
S1424,FEM,EKO,8
S1425,FEM,EKO,8
S1426,FEM,EKO,8
S1427,FEM,EKO,8
S1428,FEM,EKO,8
S1429,FEM,EKO,8
S1430,FEM,EKO,8
S1431,FEM,AKT,1
S1432,FEM,AKT,1
S1433,FEM,AKT,1
S1434,FEM,AKT,1
S1435,FEM,AKT,1
S1436,FEM,AKT,1
S1437,FEM,AKT,1
S1438,FEM,AKT,1
S1439,FEM,AKT,1
S1440,FEM,AKT,1
S1441,FEM,AKT,1
S1442,FEM,AKT,1
S1443,FEM,AKT,1
S1444,FEM,AKT,1
S1445,FEM,AKT,1
S1446,FEM,AKT,1
S1447,FEM,AKT,2
S1448,FEM,AKT,2
S1449,FEM,AKT,2
S1450,FEM,AKT,2
S1451,FEM,AKT,2
S1452,FEM,AKT,2
S1453,FEM,AKT,2
S1454,FEM,AKT,2
S1455,FEM,AKT,2
S1456,FEM,AKT,2
S1457,FEM,AKT,2
S1458,FEM,AKT,2
S1459,FEM,AKT,2
S1460,FEM,AKT,2
S1461,FEM,AKT,2
S1462,FEM,AKT,2
S1463,FEM,AKT,3
S1464,FEM,AKT,3
S1465,FEM,AKT,3
S1466,FEM,AKT,3
S1467,FEM,AKT,3
S1468,FEM,AKT,3
S1469,FEM,AKT,3
S1470,FEM,AKT,3
S1471,FEM,AKT,3
S1472,FEM,AKT,3
S1473,FEM,AKT,3
S1474,FEM,AKT,3
S1475,FEM,AKT,3
S1476,FEM,AKT,3
S1477,FEM,AKT,3
S1478,FEM,AKT,3
S1479,FEM,AKT,4
S1480,FEM,AKT,4
S1481,FEM,AKT,4
S1482,FEM,AKT,4
S1483,FEM,AKT,4
S1484,FEM,AKT,4
S1485,FEM,AKT,4
S1486,FEM,AKT,4
S1487,FEM,AKT,4
S1488,FEM,AKT,4
S1489,FEM,AKT,4
S1490,FEM,AKT,4
S1491,FEM,AKT,4
S1492,FEM,AKT,4
S1493,FEM,AKT,4
S1494,FEM,AKT,4
S1495,FEM,AKT,5
S1496,FEM,AKT,5
S1497,FEM,AKT,5
S1498,FEM,AKT,5
S1499,FEM,AKT,5
S1500,FEM,AKT,5
S1501,FEM,AKT,5
S1502,FEM,AKT,5
S1503,FEM,AKT,5
S1504,FEM,AKT,5
S1505,FEM,AKT,5
S1506,FEM,AKT,5
S1507,FEM,AKT,5
S1508,FEM,AKT,5
S1509,FEM,AKT,5
S1510,FEM,AKT,5
S1511,FEM,AKT,6
S1512,FEM,AKT,6
S1513,FEM,AKT,6
S1514,FEM,AKT,6
S1515,FEM,AKT,6
S1516,FEM,AKT,6
S1517,FEM,AKT,6
S1518,FEM,AKT,6
S1519,FEM,AKT,6
S1520,FEM,AKT,6
S1521,FEM,AKT,6
S1522,FEM,AKT,6
S1523,FEM,AKT,6
S1524,FEM,AKT,6
S1525,FEM,AKT,6
S1526,FEM,AKT,6
S1527,FEM,AKT,7
S1528,FEM,AKT,7
S1529,FEM,AKT,7
S1530,FEM,AKT,7
S1531,FEM,AKT,7
S1532,FEM,AKT,7
S1533,FEM,AKT,7
S1534,FEM,AKT,7
S1535,FEM,AKT,7
S1536,FEM,AKT,7
S1537,FEM,AKT,7
S1538,FEM,AKT,7
S1539,FEM,AKT,7
S1540,FEM,AKT,7
S1541,FEM,AKT,7
S1542,FEM,AKT,7
S1543,FEM,AKT,8
S1544,FEM,AKT,8
S1545,FEM,AKT,8
S1546,FEM,AKT,8
S1547,FEM,AKT,8
S1548,FEM,AKT,8
S1549,FEM,AKT,8
S1550,FEM,AKT,8
S1551,FEM,AKT,8
S1552,FEM,AKT,8
S1553,FEM,AKT,8
S1554,FEM,AKT,8
S1555,FEM,AKT,8
S1556,FEM,AKT,8
S1557,FEM,AKT,8
S1558,FEM,AKT,8
S1559,FEM,AKT,8
S1560,FEM,AKT,8
S1561,FEM,ESL,1
S1562,FEM,ESL,1
S1563,FEM,ESL,1
S1564,FEM,ESL,1
S1565,FEM,ESL,1
S1566,FEM,ESL,1
S1567,FEM,ESL,1
S1568,FEM,ESL,1
S1569,FEM,ESL,1
S1570,FEM,ESL,1
S1571,FEM,ESL,1
S1572,FEM,ESL,1
S1573,FEM,ESL,1
S1574,FEM,ESL,1
S1575,FEM,ESL,1
S1576,FEM,ESL,1
S1577,FEM,ESL,2
S1578,FEM,ESL,2
S1579,FEM,ESL,2
S1580,FEM,ESL,2
S1581,FEM,ESL,2
S1582,FEM,ESL,2
S1583,FEM,ESL,2
S1584,FEM,ESL,2
S1585,FEM,ESL,2
S1586,FEM,ESL,2
S1587,FEM,ESL,2
S1588,FEM,ESL,2
S1589,FEM,ESL,2
S1590,FEM,ESL,2
S1591,FEM,ESL,2
S1592,FEM,ESL,2
S1593,FEM,ESL,3
S1594,FEM,ESL,3
S1595,FEM,ESL,3
S1596,FEM,ESL,3
S1597,FEM,ESL,3
S1598,FEM,ESL,3
S1599,FEM,ESL,3
S1600,FEM,ESL,3
S1601,FEM,ESL,3
S1602,FEM,ESL,3
S1603,FEM,ESL,3
S1604,FEM,ESL,3
S1605,FEM,ESL,3
S1606,FEM,ESL,3
S1607,FEM,ESL,3
S1608,FEM,ESL,3
S1609,FEM,ESL,4
S1610,FEM,ESL,4
S1611,FEM,ESL,4
S1612,FEM,ESL,4
S1613,FEM,ESL,4
S1614,FEM,ESL,4
S1615,FEM,ESL,4
S1616,FEM,ESL,4
S1617,FEM,ESL,4
S1618,FEM,ESL,4
S1619,FEM,ESL,4
S1620,FEM,ESL,4
S1621,FEM,ESL,4
S1622,FEM,ESL,4
S1623,FEM,ESL,4
S1624,FEM,ESL,4
S1625,FEM,ESL,5
S1626,FEM,ESL,5
S1627,FEM,ESL,5
S1628,FEM,ESL,5
S1629,FEM,ESL,5
S1630,FEM,ESL,5
S1631,FEM,ESL,5
S1632,FEM,ESL,5
S1633,FEM,ESL,5
S1634,FEM,ESL,5
S1635,FEM,ESL,5
S1636,FEM,ESL,5
S1637,FEM,ESL,5
S1638,FEM,ESL,5
S1639,FEM,ESL,5
S1640,FEM,ESL,5
S1641,FEM,ESL,6
S1642,FEM,ESL,6
S1643,FEM,ESL,6
S1644,FEM,ESL,6
S1645,FEM,ESL,6
S1646,FEM,ESL,6
S1647,FEM,ESL,6
S1648,FEM,ESL,6
S1649,FEM,ESL,6
S1650,FEM,ESL,6
S1651,FEM,ESL,6
S1652,FEM,ESL,6
S1653,FEM,ESL,6
S1654,FEM,ESL,6
S1655,FEM,ESL,6
S1656,FEM,ESL,6
S1657,FEM,ESL,7
S1658,FEM,ESL,7
S1659,FEM,ESL,7
S1660,FEM,ESL,7
S1661,FEM,ESL,7
S1662,FEM,ESL,7
S1663,FEM,ESL,7
S1664,FEM,ESL,7
S1665,FEM,ESL,7
S1666,FEM,ESL,7
S1667,FEM,ESL,7
S1668,FEM,ESL,7
S1669,FEM,ESL,7
S1670,FEM,ESL,7
S1671,FEM,ESL,7
S1672,FEM,ESL,7
S1673,FEM,ESL,8
S1674,FEM,ESL,8
S1675,FEM,ESL,8
S1676,FEM,ESL,8
S1677,FEM,ESL,8
S1678,FEM,ESL,8
S1679,FEM,ESL,8
S1680,FEM,ESL,8
S1681,FEM,ESL,8
S1682,FEM,ESL,8
S1683,FEM,ESL,8
S1684,FEM,ESL,8
S1685,FEM,ESL,8
S1686,FEM,ESL,8
S1687,FEM,ESL,8
S1688,FEM,ESL,8
S1689,FEM,ESL,8
S1690,FEM,ESL,8
S1691,FEMA,GIZ,1
S1692,FEMA,GIZ,1
S1693,FEMA,GIZ,1
S1694,FEMA,GIZ,1
S1695,FEMA,GIZ,1
S1696,FEMA,GIZ,1
S1697,FEMA,GIZ,1
S1698,FEMA,GIZ,1
S1699,FEMA,GIZ,1
S1700,FEMA,GIZ,1
S1701,FEMA,GIZ,1
S1702,FEMA,GIZ,1
S1703,FEMA,GIZ,1
S1704,FEMA,GIZ,1
S1705,FEMA,GIZ,1
S1706,FEMA,GIZ,1
S1707,FEMA,GIZ,2
S1708,FEMA,GIZ,2
S1709,FEMA,GIZ,2
S1710,FEMA,GIZ,2
S1711,FEMA,GIZ,2
S1712,FEMA,GIZ,2
S1713,FEMA,GIZ,2
S1714,FEMA,GIZ,2
S1715,FEMA,GIZ,2
S1716,FEMA,GIZ,2
S1717,FEMA,GIZ,2
S1718,FEMA,GIZ,2
S1719,FEMA,GIZ,2
S1720,FEMA,GIZ,2
S1721,FEMA,GIZ,2
S1722,FEMA,GIZ,2
S1723,FEMA,GIZ,3
S1724,FEMA,GIZ,3
S1725,FEMA,GIZ,3
S1726,FEMA,GIZ,3
S1727,FEMA,GIZ,3
S1728,FEMA,GIZ,3
S1729,FEMA,GIZ,3
S1730,FEMA,GIZ,3
S1731,FEMA,GIZ,3
S1732,FEMA,GIZ,3
S1733,FEMA,GIZ,3
S1734,FEMA,GIZ,3
S1735,FEMA,GIZ,3
S1736,FEMA,GIZ,3
S1737,FEMA,GIZ,3
S1738,FEMA,GIZ,3
S1739,FEMA,GIZ,4
S1740,FEMA,GIZ,4
S1741,FEMA,GIZ,4
S1742,FEMA,GIZ,4
S1743,FEMA,GIZ,4
S1744,FEMA,GIZ,4
S1745,FEMA,GIZ,4
S1746,FEMA,GIZ,4
S1747,FEMA,GIZ,4
S1748,FEMA,GIZ,4
S1749,FEMA,GIZ,4
S1750,FEMA,GIZ,4
S1751,FEMA,GIZ,4
S1752,FEMA,GIZ,4
S1753,FEMA,GIZ,4
S1754,FEMA,GIZ,4
S1755,FEMA,GIZ,5
S1756,FEMA,GIZ,5
S1757,FEMA,GIZ,5
S1758,FEMA,GIZ,5
S1759,FEMA,GIZ,5
S1760,FEMA,GIZ,5
S1761,FEMA,GIZ,5
S1762,FEMA,GIZ,5
S1763,FEMA,GIZ,5
S1764,FEMA,GIZ,5
S1765,FEMA,GIZ,5
S1766,FEMA,GIZ,5
S1767,FEMA,GIZ,5
S1768,FEMA,GIZ,5
S1769,FEMA,GIZ,5
S1770,FEMA,GIZ,5
S1771,FEMA,GIZ,6
S1772,FEMA,GIZ,6
S1773,FEMA,GIZ,6
S1774,FEMA,GIZ,6
S1775,FEMA,GIZ,6
S1776,FEMA,GIZ,6
S1777,FEMA,GIZ,6
S1778,FEMA,GIZ,6
S1779,FEMA,GIZ,6
S1780,FEMA,GIZ,6
S1781,FEMA,GIZ,6
S1782,FEMA,GIZ,6
S1783,FEMA,GIZ,6
S1784,FEMA,GIZ,6
S1785,FEMA,GIZ,6
S1786,FEMA,GIZ,6
S1787,FEMA,GIZ,7
S1788,FEMA,GIZ,7
S1789,FEMA,GIZ,7
S1790,FEMA,GIZ,7
S1791,FEMA,GIZ,7
S1792,FEMA,GIZ,7
S1793,FEMA,GIZ,7
S1794,FEMA,GIZ,7
S1795,FEMA,GIZ,7
S1796,FEMA,GIZ,7
S1797,FEMA,GIZ,7
S1798,FEMA,GIZ,7
S1799,FEMA,GIZ,7
S1800,FEMA,GIZ,7
S1801,FEMA,GIZ,7
S1802,FEMA,GIZ,7
S1803,FEMA,GIZ,8
S1804,FEMA,GIZ,8
S1805,FEMA,GIZ,8
S1806,FEMA,GIZ,8
S1807,FEMA,GIZ,8
S1808,FEMA,GIZ,8
S1809,FEMA,GIZ,8
S1810,FEMA,GIZ,8
S1811,FEMA,GIZ,8
S1812,FEMA,GIZ,8
S1813,FEMA,GIZ,8
S1814,FEMA,GIZ,8
S1815,FEMA,GIZ,8
S1816,FEMA,GIZ,8
S1817,FEMA,GIZ,8
S1818,FEMA,GIZ,8
S1819,FEMA,GIZ,8
S1820,FEMA,GIZ,8
S1821,FEMA,KPM,1
S1822,FEMA,KPM,1
S1823,FEMA,KPM,1
S1824,FEMA,KPM,1
S1825,FEMA,KPM,1
S1826,FEMA,KPM,1
S1827,FEMA,KPM,1
S1828,FEMA,KPM,1
S1829,FEMA,KPM,1
S1830,FEMA,KPM,1
S1831,FEMA,KPM,1
S1832,FEMA,KPM,1
S1833,FEMA,KPM,1
S1834,FEMA,KPM,1
S1835,FEMA,KPM,1
S1836,FEMA,KPM,1
S1837,FEMA,KPM,2
S1838,FEMA,KPM,2
S1839,FEMA,KPM,2
S1840,FEMA,KPM,2
S1841,FEMA,KPM,2
S1842,FEMA,KPM,2
S1843,FEMA,KPM,2
S1844,FEMA,KPM,2
S1845,FEMA,KPM,2
S1846,FEMA,KPM,2
S1847,FEMA,KPM,2
S1848,FEMA,KPM,2
S1849,FEMA,KPM,2
S1850,FEMA,KPM,2
S1851,FEMA,KPM,2
S1852,FEMA,KPM,2
S1853,FEMA,KPM,3
S1854,FEMA,KPM,3
S1855,FEMA,KPM,3
S1856,FEMA,KPM,3
S1857,FEMA,KPM,3
S1858,FEMA,KPM,3
S1859,FEMA,KPM,3
S1860,FEMA,KPM,3
S1861,FEMA,KPM,3
S1862,FEMA,KPM,3
S1863,FEMA,KPM,3
S1864,FEMA,KPM,3
S1865,FEMA,KPM,3
S1866,FEMA,KPM,3
S1867,FEMA,KPM,3
S1868,FEMA,KPM,3
S1869,FEMA,KPM,4
S1870,FEMA,KPM,4
S1871,FEMA,KPM,4
S1872,FEMA,KPM,4
S1873,FEMA,KPM,4
S1874,FEMA,KPM,4
S1875,FEMA,KPM,4
S1876,FEMA,KPM,4
S1877,FEMA,KPM,4
S1878,FEMA,KPM,4
S1879,FEMA,KPM,4
S1880,FEMA,KPM,4
S1881,FEMA,KPM,4
S1882,FEMA,KPM,4
S1883,FEMA,KPM,4
S1884,FEMA,KPM,4
S1885,FEMA,KPM,5
S1886,FEMA,KPM,5
S1887,FEMA,KPM,5
S1888,FEMA,KPM,5
S1889,FEMA,KPM,5
S1890,FEMA,KPM,5
S1891,FEMA,KPM,5
S1892,FEMA,KPM,5
S1893,FEMA,KPM,5
S1894,FEMA,KPM,5
S1895,FEMA,KPM,5
S1896,FEMA,KPM,5
S1897,FEMA,KPM,5
S1898,FEMA,KPM,5
S1899,FEMA,KPM,5
S1900,FEMA,KPM,5
S1901,FEMA,KPM,6
S1902,FEMA,KPM,6
S1903,FEMA,KPM,6
S1904,FEMA,KPM,6
S1905,FEMA,KPM,6
S1906,FEMA,KPM,6
S1907,FEMA,KPM,6
S1908,FEMA,KPM,6
S1909,FEMA,KPM,6
S1910,FEMA,KPM,6
S1911,FEMA,KPM,6
S1912,FEMA,KPM,6
S1913,FEMA,KPM,6
S1914,FEMA,KPM,6
S1915,FEMA,KPM,6
S1916,FEMA,KPM,6
S1917,FEMA,KPM,7
S1918,FEMA,KPM,7
S1919,FEMA,KPM,7
S1920,FEMA,KPM,7
S1921,FEMA,KPM,7
S1922,FEMA,KPM,7
S1923,FEMA,KPM,7
S1924,FEMA,KPM,7
S1925,FEMA,KPM,7
S1926,FEMA,KPM,7
S1927,FEMA,KPM,7
S1928,FEMA,KPM,7
S1929,FEMA,KPM,7
S1930,FEMA,KPM,7
S1931,FEMA,KPM,7
S1932,FEMA,KPM,7
S1933,FEMA,KPM,8
S1934,FEMA,KPM,8
S1935,FEMA,KPM,8
S1936,FEMA,KPM,8
S1937,FEMA,KPM,8
S1938,FEMA,KPM,8
S1939,FEMA,KPM,8
S1940,FEMA,KPM,8
S1941,FEMA,KPM,8
S1942,FEMA,KPM,8
S1943,FEMA,KPM,8
S1944,FEMA,KPM,8
S1945,FEMA,KPM,8
S1946,FEMA,KPM,8
S1947,FEMA,KPM,8
S1948,FEMA,KPM,8
S1949,FEMA,KPM,8
S1950,FEMA,KPM,8
S1951,FEMA,IKK,1
S1952,FEMA,IKK,1
S1953,FEMA,IKK,1
S1954,FEMA,IKK,1
S1955,FEMA,IKK,1
S1956,FEMA,IKK,1
S1957,FEMA,IKK,1
S1958,FEMA,IKK,1
S1959,FEMA,IKK,1
S1960,FEMA,IKK,1
S1961,FEMA,IKK,1
S1962,FEMA,IKK,1
S1963,FEMA,IKK,1
S1964,FEMA,IKK,1
S1965,FEMA,IKK,1
S1966,FEMA,IKK,1
S1967,FEMA,IKK,2
S1968,FEMA,IKK,2
S1969,FEMA,IKK,2
S1970,FEMA,IKK,2
S1971,FEMA,IKK,2
S1972,FEMA,IKK,2
S1973,FEMA,IKK,2
S1974,FEMA,IKK,2
S1975,FEMA,IKK,2
S1976,FEMA,IKK,2
S1977,FEMA,IKK,2
S1978,FEMA,IKK,2
S1979,FEMA,IKK,2
S1980,FEMA,IKK,2
S1981,FEMA,IKK,2
S1982,FEMA,IKK,2
S1983,FEMA,IKK,3
S1984,FEMA,IKK,3
S1985,FEMA,IKK,3
S1986,FEMA,IKK,3
S1987,FEMA,IKK,3
S1988,FEMA,IKK,3
S1989,FEMA,IKK,3
S1990,FEMA,IKK,3
S1991,FEMA,IKK,3
S1992,FEMA,IKK,3
S1993,FEMA,IKK,3
S1994,FEMA,IKK,3
S1995,FEMA,IKK,3
S1996,FEMA,IKK,3
S1997,FEMA,IKK,3
S1998,FEMA,IKK,3
S1999,FEMA,IKK,4
S2000,FEMA,IKK,4
S2001,FEMA,IKK,4
S2002,FEMA,IKK,4
S2003,FEMA,IKK,4
S2004,FEMA,IKK,4
S2005,FEMA,IKK,4
S2006,FEMA,IKK,4
S2007,FEMA,IKK,4
S2008,FEMA,IKK,4
S2009,FEMA,IKK,4
S2010,FEMA,IKK,4
S2011,FEMA,IKK,4
S2012,FEMA,IKK,4
S2013,FEMA,IKK,4
S2014,FEMA,IKK,4
S2015,FEMA,IKK,5
S2016,FEMA,IKK,5
S2017,FEMA,IKK,5
S2018,FEMA,IKK,5
S2019,FEMA,IKK,5
S2020,FEMA,IKK,5
S2021,FEMA,IKK,5
S2022,FEMA,IKK,5
S2023,FEMA,IKK,5
S2024,FEMA,IKK,5
S2025,FEMA,IKK,5
S2026,FEMA,IKK,5
S2027,FEMA,IKK,5
S2028,FEMA,IKK,5
S2029,FEMA,IKK,5
S2030,FEMA,IKK,5
S2031,FEMA,IKK,6
S2032,FEMA,IKK,6
S2033,FEMA,IKK,6
S2034,FEMA,IKK,6
S2035,FEMA,IKK,6
S2036,FEMA,IKK,6
S2037,FEMA,IKK,6
S2038,FEMA,IKK,6
S2039,FEMA,IKK,6
S2040,FEMA,IKK,6
S2041,FEMA,IKK,6
S2042,FEMA,IKK,6
S2043,FEMA,IKK,6
S2044,FEMA,IKK,6
S2045,FEMA,IKK,6
S2046,FEMA,IKK,6
S2047,FEMA,IKK,7
S2048,FEMA,IKK,7
S2049,FEMA,IKK,7
S2050,FEMA,IKK,7
S2051,FEMA,IKK,7
S2052,FEMA,IKK,7
S2053,FEMA,IKK,7
S2054,FEMA,IKK,7
S2055,FEMA,IKK,7
S2056,FEMA,IKK,7
S2057,FEMA,IKK,7
S2058,FEMA,IKK,7
S2059,FEMA,IKK,7
S2060,FEMA,IKK,7
S2061,FEMA,IKK,7
S2062,FEMA,IKK,7
S2063,FEMA,IKK,8
S2064,FEMA,IKK,8
S2065,FEMA,IKK,8
S2066,FEMA,IKK,8
S2067,FEMA,IKK,8
S2068,FEMA,IKK,8
S2069,FEMA,IKK,8
S2070,FEMA,IKK,8
S2071,FEMA,IKK,8
S2072,FEMA,IKK,8
S2073,FEMA,IKK,8
S2074,FEMA,IKK,8
S2075,FEMA,IKK,8
S2076,FEMA,IKK,8
S2077,FEMA,IKK,8
S2078,FEMA,IKK,8
S2079,FEMA,IKK,8
S2080,FEMA,IKK,8
S2081,FAPET,INTP,1
S2082,FAPET,INTP,1
S2083,FAPET,INTP,1
S2084,FAPET,INTP,1
S2085,FAPET,INTP,1
S2086,FAPET,INTP,1
S2087,FAPET,INTP,1
S2088,FAPET,INTP,1
S2089,FAPET,INTP,1
S2090,FAPET,INTP,1
S2091,FAPET,INTP,1
S2092,FAPET,INTP,1
S2093,FAPET,INTP,1
S2094,FAPET,INTP,1
S2095,FAPET,INTP,1
S2096,FAPET,INTP,1
S2097,FAPET,INTP,2
S2098,FAPET,INTP,2
S2099,FAPET,INTP,2
S2100,FAPET,INTP,2
S2101,FAPET,INTP,2
S2102,FAPET,INTP,2
S2103,FAPET,INTP,2
S2104,FAPET,INTP,2
S2105,FAPET,INTP,2
S2106,FAPET,INTP,2
S2107,FAPET,INTP,2
S2108,FAPET,INTP,2
S2109,FAPET,INTP,2
S2110,FAPET,INTP,2
S2111,FAPET,INTP,2
S2112,FAPET,INTP,2
S2113,FAPET,INTP,3
S2114,FAPET,INTP,3
S2115,FAPET,INTP,3
S2116,FAPET,INTP,3
S2117,FAPET,INTP,3
S2118,FAPET,INTP,3
S2119,FAPET,INTP,3
S2120,FAPET,INTP,3
S2121,FAPET,INTP,3
S2122,FAPET,INTP,3
S2123,FAPET,INTP,3
S2124,FAPET,INTP,3
S2125,FAPET,INTP,3
S2126,FAPET,INTP,3
S2127,FAPET,INTP,3
S2128,FAPET,INTP,3
S2129,FAPET,INTP,4
S2130,FAPET,INTP,4
S2131,FAPET,INTP,4
S2132,FAPET,INTP,4
S2133,FAPET,INTP,4
S2134,FAPET,INTP,4
S2135,FAPET,INTP,4
S2136,FAPET,INTP,4
S2137,FAPET,INTP,4
S2138,FAPET,INTP,4
S2139,FAPET,INTP,4
S2140,FAPET,INTP,4
S2141,FAPET,INTP,4
S2142,FAPET,INTP,4
S2143,FAPET,INTP,4
S2144,FAPET,INTP,4
S2145,FAPET,INTP,5
S2146,FAPET,INTP,5
S2147,FAPET,INTP,5
S2148,FAPET,INTP,5
S2149,FAPET,INTP,5
S2150,FAPET,INTP,5
S2151,FAPET,INTP,5
S2152,FAPET,INTP,5
S2153,FAPET,INTP,5
S2154,FAPET,INTP,5
S2155,FAPET,INTP,5
S2156,FAPET,INTP,5
S2157,FAPET,INTP,5
S2158,FAPET,INTP,5
S2159,FAPET,INTP,5
S2160,FAPET,INTP,5
S2161,FAPET,INTP,6
S2162,FAPET,INTP,6
S2163,FAPET,INTP,6
S2164,FAPET,INTP,6
S2165,FAPET,INTP,6
S2166,FAPET,INTP,6
S2167,FAPET,INTP,6
S2168,FAPET,INTP,6
S2169,FAPET,INTP,6
S2170,FAPET,INTP,6
S2171,FAPET,INTP,6
S2172,FAPET,INTP,6
S2173,FAPET,INTP,6
S2174,FAPET,INTP,6
S2175,FAPET,INTP,6
S2176,FAPET,INTP,6
S2177,FAPET,INTP,7
S2178,FAPET,INTP,7
S2179,FAPET,INTP,7
S2180,FAPET,INTP,7
S2181,FAPET,INTP,7
S2182,FAPET,INTP,7
S2183,FAPET,INTP,7
S2184,FAPET,INTP,7
S2185,FAPET,INTP,7
S2186,FAPET,INTP,7
S2187,FAPET,INTP,7
S2188,FAPET,INTP,7
S2189,FAPET,INTP,7
S2190,FAPET,INTP,7
S2191,FAPET,INTP,7
S2192,FAPET,INTP,7
S2193,FAPET,INTP,8
S2194,FAPET,INTP,8
S2195,FAPET,INTP,8
S2196,FAPET,INTP,8
S2197,FAPET,INTP,8
S2198,FAPET,INTP,8
S2199,FAPET,INTP,8
S2200,FAPET,INTP,8
S2201,FAPET,INTP,8
S2202,FAPET,INTP,8
S2203,FAPET,INTP,8
S2204,FAPET,INTP,8
S2205,FAPET,INTP,8
S2206,FAPET,INTP,8
S2207,FAPET,INTP,8
S2208,FAPET,INTP,8
S2209,FAPET,INTP,8
S2210,FAPET,INTP,8
S2211,FAPET,IPB,1
S2212,FAPET,IPB,1
S2213,FAPET,IPB,1
S2214,FAPET,IPB,1
S2215,FAPET,IPB,1
S2216,FAPET,IPB,1
S2217,FAPET,IPB,1
S2218,FAPET,IPB,1
S2219,FAPET,IPB,1
S2220,FAPET,IPB,1
S2221,FAPET,IPB,1
S2222,FAPET,IPB,1
S2223,FAPET,IPB,1
S2224,FAPET,IPB,1
S2225,FAPET,IPB,1
S2226,FAPET,IPB,1
S2227,FAPET,IPB,2
S2228,FAPET,IPB,2
S2229,FAPET,IPB,2
S2230,FAPET,IPB,2
S2231,FAPET,IPB,2
S2232,FAPET,IPB,2
S2233,FAPET,IPB,2
S2234,FAPET,IPB,2
S2235,FAPET,IPB,2
S2236,FAPET,IPB,2
S2237,FAPET,IPB,2
S2238,FAPET,IPB,2
S2239,FAPET,IPB,2
S2240,FAPET,IPB,2
S2241,FAPET,IPB,2
S2242,FAPET,IPB,2
S2243,FAPET,IPB,3
S2244,FAPET,IPB,3
S2245,FAPET,IPB,3
S2246,FAPET,IPB,3
S2247,FAPET,IPB,3
S2248,FAPET,IPB,3
S2249,FAPET,IPB,3
S2250,FAPET,IPB,3
S2251,FAPET,IPB,3
S2252,FAPET,IPB,3
S2253,FAPET,IPB,3
S2254,FAPET,IPB,3
S2255,FAPET,IPB,3
S2256,FAPET,IPB,3
S2257,FAPET,IPB,3
S2258,FAPET,IPB,3
S2259,FAPET,IPB,4
S2260,FAPET,IPB,4
S2261,FAPET,IPB,4
S2262,FAPET,IPB,4
S2263,FAPET,IPB,4
S2264,FAPET,IPB,4
S2265,FAPET,IPB,4
S2266,FAPET,IPB,4
S2267,FAPET,IPB,4
S2268,FAPET,IPB,4
S2269,FAPET,IPB,4
S2270,FAPET,IPB,4
S2271,FAPET,IPB,4
S2272,FAPET,IPB,4
S2273,FAPET,IPB,4
S2274,FAPET,IPB,4
S2275,FAPET,IPB,5
S2276,FAPET,IPB,5
S2277,FAPET,IPB,5
S2278,FAPET,IPB,5
S2279,FAPET,IPB,5
S2280,FAPET,IPB,5
S2281,FAPET,IPB,5
S2282,FAPET,IPB,5
S2283,FAPET,IPB,5
S2284,FAPET,IPB,5
S2285,FAPET,IPB,5
S2286,FAPET,IPB,5
S2287,FAPET,IPB,5
S2288,FAPET,IPB,5
S2289,FAPET,IPB,5
S2290,FAPET,IPB,5
S2291,FAPET,IPB,6
S2292,FAPET,IPB,6
S2293,FAPET,IPB,6
S2294,FAPET,IPB,6
S2295,FAPET,IPB,6
S2296,FAPET,IPB,6
S2297,FAPET,IPB,6
S2298,FAPET,IPB,6
S2299,FAPET,IPB,6
S2300,FAPET,IPB,6
S2301,FAPET,IPB,6
S2302,FAPET,IPB,6
S2303,FAPET,IPB,6
S2304,FAPET,IPB,6
S2305,FAPET,IPB,6
S2306,FAPET,IPB,6
S2307,FAPET,IPB,7
S2308,FAPET,IPB,7
S2309,FAPET,IPB,7
S2310,FAPET,IPB,7
S2311,FAPET,IPB,7
S2312,FAPET,IPB,7
S2313,FAPET,IPB,7
S2314,FAPET,IPB,7
S2315,FAPET,IPB,7
S2316,FAPET,IPB,7
S2317,FAPET,IPB,7
S2318,FAPET,IPB,7
S2319,FAPET,IPB,7
S2320,FAPET,IPB,7
S2321,FAPET,IPB,7
S2322,FAPET,IPB,7
S2323,FAPET,IPB,8
S2324,FAPET,IPB,8
S2325,FAPET,IPB,8
S2326,FAPET,IPB,8
S2327,FAPET,IPB,8
S2328,FAPET,IPB,8
S2329,FAPET,IPB,8
S2330,FAPET,IPB,8
S2331,FAPET,IPB,8
S2332,FAPET,IPB,8
S2333,FAPET,IPB,8
S2334,FAPET,IPB,8
S2335,FAPET,IPB,8
S2336,FAPET,IPB,8
S2337,FAPET,IPB,8
S2338,FAPET,IPB,8
S2339,FAPET,IPB,8
S2340,FAPET,IPB,8
